{"cameraMode":{"drawMode":0,"name":"Shaded","section":"Shading Mode"},"sceneLighting":true,"audioPlay":false,"sceneViewState":{"m_AlwaysRefresh":false,"showFog":true,"showSkybox":false,"showFlares":true,"showImageEffects":true,"showParticleSystems":true,"showVisualEffectGraphs":true,"m_FxEnabled":true},"in2DMode":false,"pivot":{"x":-0.032465219497680667,"y":0.3344435691833496,"z":0.08600068092346192},"rotation":{"x":-0.07507357001304627,"y":0.9046171307563782,"z":-0.1789615899324417,"w":-0.3794827163219452},"size":0.44313275814056399,"orthographic":false}