{"cameraMode":{"drawMode":0,"name":"Shaded","section":"Shading Mode"},"sceneLighting":true,"audioPlay":false,"sceneViewState":{"m_AlwaysRefresh":false,"showFog":true,"showSkybox":false,"showFlares":true,"showImageEffects":true,"showParticleSystems":true,"showVisualEffectGraphs":true,"m_FxEnabled":true},"in2DMode":false,"pivot":{"x":0.038342297077178958,"y":0.19127094745635987,"z":0.3729572296142578},"rotation":{"x":-0.051114000380039218,"y":0.9482731223106384,"z":-0.2384098321199417,"w":-0.2033064067363739},"size":0.44313275814056399,"orthographic":false}