{"cameraMode":{"drawMode":0,"name":"Shaded","section":"Shading Mode"},"sceneLighting":true,"audioPlay":false,"sceneViewState":{"m_AlwaysRefresh":false,"showFog":true,"showSkybox":false,"showFlares":true,"showImageEffects":true,"showParticleSystems":true,"showVisualEffectGraphs":true,"m_FxEnabled":true},"in2DMode":false,"pivot":{"x":0.0564875528216362,"y":0.16962569952011109,"z":0.39270278811454775},"rotation":{"x":-0.018807075917720796,"y":0.9754663705825806,"z":-0.19906753301620484,"w":-0.09216125309467316},"size":0.44313275814056399,"orthographic":false}