{"cameraMode":{"drawMode":0,"name":"Shaded","section":"Shading Mode"},"sceneLighting":true,"audioPlay":false,"sceneViewState":{"m_AlwaysRefresh":false,"showFog":true,"showSkybox":true,"showFlares":true,"showImageEffects":true,"showParticleSystems":true,"showVisualEffectGraphs":true,"m_FxEnabled":true},"in2DMode":false,"pivot":{"x":-0.24045443534851075,"y":-0.5705887079238892,"z":1.5207487344741822},"rotation":{"x":-0.2575127184391022,"y":0.6600508689880371,"z":-0.25890669226646426,"w":-0.6564975380897522},"size":1.5073950290679932,"orthographic":false}