{"cameraMode":{"drawMode":0,"name":"Shaded","section":"Shading Mode"},"sceneLighting":true,"audioPlay":false,"sceneViewState":{"m_AlwaysRefresh":false,"showFog":true,"showSkybox":false,"showFlares":true,"showImageEffects":true,"showParticleSystems":true,"showVisualEffectGraphs":true,"m_FxEnabled":true},"in2DMode":false,"pivot":{"x":-0.20631906390190125,"y":0.40698277950286868,"z":-5.765225410461426},"rotation":{"x":-0.0005032711778767407,"y":-0.999094545841217,"z":-0.04107602313160896,"w":0.011997516267001629},"size":3.127941608428955,"orthographic":false}