{"cameraMode":{"drawMode":0,"name":"Shaded","section":"Shading Mode"},"sceneLighting":true,"audioPlay":false,"sceneViewState":{"m_AlwaysRefresh":false,"showFog":true,"showSkybox":true,"showFlares":true,"showImageEffects":true,"showParticleSystems":true,"showVisualEffectGraphs":true,"m_FxEnabled":true},"in2DMode":false,"pivot":{"x":3.5925464630126955,"y":-0.12917327880859376,"z":2.782045364379883},"rotation":{"x":-0.13750523328781129,"y":-0.23991873860359193,"z":0.03435063362121582,"w":-0.9603921175003052},"size":7.198658466339111,"orthographic":false}